shipment_id,part_number,shipped_quantity,shipment_date
1,ASM-29406294,3,2025-01-23
2,ASM-29406294,20,2024-11-27
3,ASM-29406294,3,2024-12-18
4,ASM-29406294,18,2025-02-20
5,ASM-29406294,19,2024-11-07
6,CNC-93480753,14,2025-01-09
7,CNC-93480753,20,2025-04-04
8,CNC-93480753,12,2025-01-29
9,CNC-93480753,15,2025-07-21
10,CNC-25619008,5,2024-12-20
11,MEC-29743150,20,2024-12-10
12,MEC-29743150,7,2025-03-12
13,SW-CS60-V4-92BNC,3,2025-08-02
14,SW-CS60-V4-92BNC,11,2024-12-26
15,SW-CS60-V4-92BNC,6,2025-01-22
16,SW-CS60-V4-92BNC,17,2025-05-02
17,E-2025-000008,3,2025-04-03
18,E-2025-000008,1,2025-08-22
19,E-2025-000009,10,2024-12-01
20,E-2025-000009,13,2025-03-22
21,SW-PH10-V1-AOM7V,4,2024-11-29
22,SW-PH10-V1-AOM7V,11,2025-05-20
23,SW-PH10-V1-AOM7V,13,2024-11-30
24,ASM-97153965,6,2025-06-02
25,ASM-97153965,12,2025-07-14
26,ASM-97153965,9,2025-06-22
27,ASM-97153965,3,2025-08-08
28,E-2025-000013,19,2025-09-05
29,E-2025-000013,9,2024-12-20
30,E-2025-000013,1,2025-08-18
31,SW-VS22-V5-5SLXY,16,2024-11-20
32,SW-CS60-V1-12AM7,14,2025-01-18
33,SW-CS60-V1-12AM7,5,2024-11-25
34,SW-CS60-V1-12AM7,3,2025-09-20
35,SW-CS60-V1-12AM7,20,2025-02-26
36,E-2025-000016,3,2025-02-06
37,E-2025-000016,19,2025-07-01
38,E-2025-000016,16,2025-07-29
39,E-2025-000016,8,2025-02-09
40,SW-CS60-V2-83PQ1,9,2025-07-01
41,SW-CS60-V2-83PQ1,17,2024-12-27
42,SW-CS60-V2-83PQ1,6,2025-05-06
43,SW-CS60-V2-83PQ1,19,2024-11-22
44,SW-CS60-V2-83PQ1,14,2025-05-01
45,E-2025-000019,12,2025-07-14
46,E-2025-000019,11,2025-02-16
47,E-2025-000019,17,2025-06-18
48,MEC-46053995,15,2025-02-17
49,MEC-46053995,20,2025-01-19
50,SW-VS22-V3-96LLQ,18,2025-01-08
51,SW-VS22-V3-96LLQ,14,2025-08-07
52,E-2025-000023,12,2025-06-09
53,E-2025-000023,2,2025-02-04
54,E-2025-000023,4,2025-08-30
55,SW-VS22-V5-XDN1P,15,2025-01-28
56,SW-VS22-V5-XDN1P,16,2025-08-28
57,SW-VS22-V5-XDN1P,4,2025-10-04
58,SW-VS22-V5-XDN1P,5,2025-10-10
59,SW-VS22-V5-XDN1P,20,2025-07-12
60,E-2025-000027,19,2025-03-09
61,E-2025-000027,5,2024-12-09
62,E-2025-000029,19,2025-08-09
63,E-2025-000029,5,2025-05-11
64,SW-VS22-V4-BTYJS,12,2025-02-23
65,SW-VS22-V4-BTYJS,14,2025-05-23
66,SW-VS22-V4-BTYJS,2,2024-12-17
67,SW-VS22-V4-BTYJS,10,2024-11-24
68,MEC-69401256,6,2025-08-14
69,MEC-69401256,17,2025-06-14
70,MEC-69401256,14,2025-08-18
71,E-2025-000036,11,2025-04-28
72,E-2025-000036,15,2025-04-10
73,E-2025-000036,16,2025-03-07
74,E-2025-000036,7,2025-08-08
75,E-2025-000039,18,2025-08-31
76,E-2025-000039,11,2025-01-14
77,E-2025-000039,7,2025-01-28
78,E-2025-000040,2,2025-03-05
79,E-2025-000040,18,2025-10-11
80,E-2025-000040,15,2024-11-30
81,E-2025-000040,3,2025-09-17
82,SW-CS60-V2-D2WCM,4,2025-08-20
83,SW-CS60-V2-D2WCM,6,2025-09-03
84,SW-VS22-V4-7Q7KS,4,2025-05-04
85,SW-VS22-V4-7Q7KS,19,2025-06-27
86,SW-VS22-V4-7Q7KS,9,2025-09-05
87,SW-VS22-V1-3IW72,11,2025-05-31
88,SW-VS22-V1-3IW72,4,2025-01-02
89,SW-VS22-V1-3IW72,4,2024-12-29
90,E-2025-000048,6,2025-04-29
91,E-2025-000048,11,2025-03-24
92,E-2025-000048,14,2025-09-17
93,E-2025-000048,17,2025-09-11
94,E-2025-000048,9,2024-12-15
95,ASM-63852711,16,2025-05-28
96,E-2025-000050,1,2024-10-21
97,E-2025-000050,20,2025-05-14
98,E-2025-000050,20,2025-04-08
99,E-2025-000050,2,2025-07-25
100,E-2025-000050,20,2024-11-10
101,CNC-81276200,13,2025-01-11
102,SW-PH10-V2-QT7IR,16,2025-08-15
103,SW-PH10-V2-QT7IR,1,2025-08-28
104,SW-PH10-V2-QT7IR,18,2025-07-19
105,SW-PH10-V2-QT7IR,20,2024-12-30
106,SW-PH10-V4-OVAJV,7,2024-10-15
107,SW-PH10-V4-OVAJV,17,2025-01-16
108,SW-PH10-V4-OVAJV,6,2025-09-03
109,SW-PH10-V4-OVAJV,2,2024-11-09
110,MEC-60850439,5,2025-03-22
111,MEC-60850439,14,2024-11-03
112,MEC-60850439,11,2024-11-07
113,SW-VS22-V1-SDTJ9,1,2025-10-13
114,ASM-19209752,15,2025-02-18
115,ASM-19209752,9,2025-07-30
116,ASM-19209752,20,2025-09-05
117,ASM-96346421,4,2025-02-25
118,ASM-96346421,12,2025-09-16
119,SW-CS60-V5-0ZJV2,1,2024-12-03
120,SW-CS60-V5-0ZJV2,8,2025-03-09
121,SW-CS60-V5-0ZJV2,11,2025-09-07
122,SW-PH10-V2-QA3OM,3,2025-09-12
123,MEC-50699937,18,2025-01-28
124,MEC-50699937,13,2025-07-03
125,E-2025-000068,8,2025-06-28
126,ASM-85667936,6,2025-01-31
127,ASM-85667936,19,2025-03-28
128,ASM-85667936,10,2025-07-04
129,ASM-85667936,16,2025-02-09
130,E-2025-000073,7,2024-12-30
131,E-2025-000074,12,2025-07-12
132,E-2025-000074,15,2025-07-03
133,E-2025-000074,5,2025-02-16
134,E-2025-000074,8,2025-06-03
135,E-2025-000074,7,2025-05-11
136,E-2025-000075,13,2025-04-28
137,E-2025-000075,4,2025-09-24
138,CNC-20827093,14,2025-09-19
139,MEC-28182871,8,2024-12-13
140,MEC-28182871,10,2025-06-14
141,MEC-28182871,1,2025-02-01
142,MEC-28182871,12,2025-01-28
143,E-2025-000080,19,2025-04-19
144,E-2025-000080,4,2025-04-10
145,E-2025-000080,9,2024-12-12
146,E-2025-000080,17,2024-11-06
147,E-2025-000080,4,2025-02-05
148,ASM-68456911,3,2025-03-16
149,ASM-68456911,18,2025-04-26
150,ASM-75201479,8,2025-03-05
151,ASM-75201479,19,2025-09-11
152,ASM-75201479,10,2025-02-08
153,ASM-75201479,2,2025-07-08
154,MEC-56804402,9,2025-06-10
155,MEC-56804402,10,2024-11-21
156,MEC-56804402,19,2025-03-10
157,MEC-56804402,13,2025-01-25
158,MEC-56804402,20,2025-08-09
159,E-2025-000087,3,2025-01-25
160,E-2025-000087,11,2025-09-23
161,E-2025-000087,15,2025-01-02
162,E-2025-000087,14,2025-08-29
163,E-2025-000088,9,2025-08-08
164,E-2025-000088,9,2024-11-13
165,ASM-17406650,12,2025-05-05
166,ASM-17406650,13,2025-05-26
167,SW-VS22-V2-PKDXC,1,2025-05-26
168,SW-VS22-V2-PKDXC,14,2024-11-28
169,SW-VS22-V2-PKDXC,15,2025-03-19
170,SW-VS22-V2-PKDXC,14,2025-05-18
171,E-2025-000091,7,2025-08-20
172,SW-CS60-V4-WWX7U,14,2025-01-04
173,SW-CS60-V4-WWX7U,15,2025-09-16
174,SW-CS60-V4-WWX7U,3,2025-03-07
175,SW-CS60-V4-WWX7U,7,2025-07-08
176,SW-CS60-V4-WWX7U,2,2025-06-05
177,E-2025-000097,16,2024-10-19
178,E-2025-000097,8,2025-07-29
179,E-2025-000097,18,2025-04-22
180,E-2025-000098,9,2025-02-22
181,E-2025-000098,15,2025-04-23
182,E-2025-000098,10,2024-11-08
183,E-2025-000098,13,2025-05-14
184,E-2025-000098,18,2025-01-20
185,E-2025-000107,20,2024-12-28
186,E-2025-000107,4,2025-06-24
187,E-2025-000107,18,2025-04-12
188,E-2025-000107,14,2025-04-29
189,E-2025-000109,5,2025-04-18
190,E-2025-000109,10,2025-04-18
191,E-2025-000109,6,2025-06-07
192,E-2025-000109,20,2024-11-18
193,E-2025-000109,20,2024-12-19
194,SW-PH10-V1-2J6Q7,1,2025-09-04
195,SW-PH10-V1-2J6Q7,12,2025-10-04
196,SW-PH10-V1-2J6Q7,19,2025-01-29
197,SW-PH10-V2-SAGUU,5,2024-11-23
198,SW-PH10-V2-SAGUU,9,2025-03-16
199,SW-PH10-V2-SAGUU,12,2025-05-10
200,SW-PH10-V2-SAGUU,7,2025-10-12
201,SW-PH10-V2-SAGUU,17,2025-02-12
202,E-2025-000116,13,2025-03-18
203,E-2025-000116,10,2025-01-27
204,E-2025-000116,6,2025-10-06
205,E-2025-000116,6,2025-06-14
206,E-2025-000116,12,2025-02-25
207,SW-PH10-V4-6VC9D,2,2025-07-11
208,SW-PH10-V4-6VC9D,13,2024-12-10
209,E-2025-000120,19,2024-11-05
210,SW-PH10-V3-ZCBHF,7,2025-08-03
211,SW-PH10-V3-ZCBHF,10,2025-09-16
212,SW-PH10-V3-ZCBHF,9,2025-03-10
213,SW-PH10-V3-ZCBHF,8,2024-12-08
214,SW-PH10-V3-ZCBHF,19,2024-11-21
215,E-2025-000122,9,2025-06-05
216,E-2025-000122,2,2024-12-03
217,E-2025-000122,7,2025-05-10
218,SW-PH10-V5-7YGKR,2,2024-10-26
219,SW-PH10-V5-7YGKR,18,2025-03-05
220,SW-PH10-V5-7YGKR,1,2024-12-06
221,E-2025-000124,1,2024-12-28
222,E-2025-000124,10,2025-05-07
223,E-2025-000124,9,2025-06-01
224,E-2025-000124,16,2025-07-21
225,E-2025-000124,18,2024-12-20
226,ASM-62493977,11,2025-02-13
227,ASM-62493977,16,2025-09-03
228,ASM-62493977,3,2025-05-23
229,ASM-88019093,10,2025-09-05
230,ASM-88019093,3,2025-07-24
231,ASM-88019093,15,2025-02-24
232,ASM-88019093,9,2025-04-09
233,ASM-88019093,12,2025-07-05
234,E-2025-000127,19,2024-10-28
235,E-2025-000127,14,2025-04-07
236,E-2025-000127,12,2025-05-18
237,E-2025-000127,17,2025-08-29
238,E-2025-000130,1,2025-03-11
239,E-2025-000130,2,2024-12-26
240,E-2025-000130,11,2025-06-16
241,E-2025-000130,7,2025-06-29
242,E-2025-000130,10,2025-07-09
243,CNC-59616384,20,2024-11-29
244,SW-PH10-V3-M69QT,14,2025-04-27
245,SW-PH10-V3-M69QT,19,2025-02-07
246,E-2025-000135,15,2024-12-17
247,E-2025-000135,2,2025-08-22
248,E-2025-000135,9,2025-08-13
249,E-2025-000136,10,2025-04-19
250,E-2025-000136,13,2024-12-10
251,E-2025-000136,7,2025-04-15
252,E-2025-000136,16,2025-10-14
253,E-2025-000138,4,2025-10-09
254,E-2025-000138,2,2025-07-02
255,E-2025-000138,3,2025-06-25
256,SW-PH10-V3-PGGJK,12,2025-05-16
257,E-2025-000140,18,2025-05-07
258,E-2025-000140,19,2024-11-27
259,SW-VS22-V4-2OKOB,9,2025-09-18
260,SW-VS22-V4-2OKOB,10,2025-05-09
261,SW-VS22-V4-2OKOB,13,2024-10-28
262,SW-VS22-V4-2OKOB,12,2025-04-19
263,SW-CS60-V3-IFADY,17,2025-06-24
264,E-2025-000145,12,2025-01-03
265,E-2025-000145,14,2025-08-01
266,E-2025-000145,7,2025-05-24
267,MEC-64838139,11,2025-08-30
268,MEC-64838139,8,2025-01-23
269,MEC-64838139,8,2025-03-21
270,MEC-64838139,18,2025-05-12
271,MEC-64838139,5,2025-05-02
272,SW-CS60-V1-6SG12,4,2025-09-11
273,SW-CS60-V1-6SG12,16,2025-05-19
274,SW-VS22-V5-Q38HO,2,2025-04-11
275,SW-VS22-V5-Q38HO,16,2024-11-29
276,SW-VS22-V5-Q38HO,10,2025-01-02
277,SW-CS60-V4-33FI4,4,2025-03-19
278,E-2025-000150,2,2024-10-25
279,E-2025-000150,9,2025-07-05
280,E-2025-000150,2,2025-05-31
281,E-2025-000151,8,2025-09-26
282,CNC-37674502,20,2025-01-07
283,CNC-37674502,17,2025-04-25
284,SW-CS60-V3-W3D94,5,2024-10-19
285,SW-CS60-V3-W3D94,18,2025-05-20
286,SW-CS60-V3-W3D94,14,2025-08-09
287,SW-CS60-V3-W3D94,4,2025-04-30
288,SW-CS60-V3-W3D94,7,2025-03-20
289,ASM-43428480,20,2024-10-23
290,E-2025-000155,16,2025-02-01
291,E-2025-000155,17,2025-06-26
292,E-2025-000155,20,2025-06-13
293,E-2025-000155,2,2024-11-20
294,E-2025-000157,20,2025-01-08
295,E-2025-000157,17,2025-01-01
296,E-2025-000157,16,2025-03-30
297,E-2025-000157,8,2025-04-08
298,MEC-56049574,8,2025-07-12
299,MEC-56049574,13,2025-06-02
300,MEC-56049574,1,2025-10-13
301,MEC-56049574,6,2025-10-05
302,MEC-56049574,5,2025-05-06
303,CNC-47033085,8,2025-07-09
304,CNC-47033085,14,2025-09-15
305,SW-CS60-V1-FN4J6,18,2025-06-03
306,SW-CS60-V1-FN4J6,15,2025-03-12
307,SW-CS60-V1-FN4J6,3,2024-12-21
308,SW-CS60-V1-FN4J6,10,2025-09-25
309,SW-CS60-V1-O33A0,7,2025-02-04
310,SW-CS60-V1-O33A0,2,2025-03-12
311,SW-CS60-V1-O33A0,14,2025-07-02
312,ASM-54435499,8,2025-02-26
313,CNC-46069045,2,2025-01-20
314,CNC-46069045,5,2025-08-10
315,E-2025-000166,8,2025-01-12
316,E-2025-000166,2,2025-05-08
317,E-2025-000166,13,2025-01-05
318,E-2025-000166,17,2025-06-14
319,E-2025-000166,14,2025-09-13
320,CNC-76985561,4,2025-04-12
321,CNC-76985561,15,2025-03-03
322,CNC-76985561,13,2025-09-04
323,CNC-76985561,6,2025-06-17
324,MEC-92964077,18,2024-11-22
325,MEC-92964077,14,2025-04-12
326,SW-VS22-V3-J4W84,1,2025-07-01
327,E-2025-000175,9,2024-11-25
328,E-2025-000175,15,2025-01-03
329,SW-PH10-V3-6M1BW,15,2025-10-08
330,E-2025-000178,1,2025-01-24
331,E-2025-000178,5,2025-04-03
332,E-2025-000178,14,2024-12-17
333,E-2025-000180,8,2025-06-06
334,E-2025-000180,5,2025-06-05
335,E-2025-000182,16,2024-10-25
336,E-2025-000182,4,2024-11-21
337,E-2025-000182,4,2024-12-25
338,MEC-84980198,20,2025-10-12
339,MEC-84980198,19,2025-08-02
340,E-2025-000189,10,2025-10-05
341,E-2025-000189,17,2025-08-29
342,E-2025-000190,4,2025-03-09
343,E-2025-000190,4,2025-05-30
344,E-2025-000191,11,2024-11-23
345,E-2025-000195,10,2024-12-14
346,E-2025-000195,3,2025-01-26
347,E-2025-000195,16,2025-02-11
348,E-2025-000195,5,2025-03-04
349,E-2025-000195,4,2024-11-17
350,E-2025-000196,10,2025-10-10
351,E-2025-000196,8,2025-06-14
352,E-2025-000197,13,2025-05-01
353,E-2025-000197,17,2025-07-03
354,E-2025-000197,5,2024-12-27
355,E-2025-000197,20,2024-12-18
356,E-2025-000197,4,2025-05-02
357,SW-CS60-V3-KKZ22,13,2025-08-22
358,SW-CS60-V3-KKZ22,11,2025-03-20
359,SW-PH10-V3-81Q24,10,2025-09-07
360,SW-PH10-V3-81Q24,10,2025-09-27
361,E-2025-000201,15,2025-09-27
362,E-2025-000201,10,2024-11-19
363,E-2025-000201,4,2025-06-27
364,E-2025-000201,1,2025-02-17
365,E-2025-000201,14,2025-03-29
366,MEC-49760389,7,2025-03-30
367,MEC-49760389,3,2025-03-13
368,MEC-49760389,13,2025-03-29
369,MEC-49760389,14,2024-10-14
370,MEC-49760389,19,2025-09-24
371,E-2025-000204,4,2024-11-04
372,E-2025-000206,13,2025-07-17
373,CNC-39883867,18,2024-10-16
374,CNC-39883867,16,2025-06-05
375,CNC-75090353,11,2025-03-27
376,CNC-75090353,17,2024-12-14
377,CNC-75090353,5,2025-10-05
378,CNC-75090353,13,2025-05-07
379,E-2025-000211,13,2024-12-31
380,E-2025-000211,5,2025-02-20
381,SW-PH10-V4-QT3IT,2,2025-09-19
382,SW-PH10-V4-QT3IT,16,2025-01-15
383,SW-PH10-V4-QT3IT,14,2024-12-17
384,E-2025-000213,7,2025-05-31
385,E-2025-000213,7,2025-03-25
386,E-2025-000213,5,2025-06-01
387,MEC-97501244,11,2024-12-16
388,MEC-97501244,6,2025-09-03
389,MEC-97501244,15,2024-10-20
390,MEC-97501244,15,2025-03-15
391,MEC-97501244,20,2024-11-19
392,CNC-16697549,18,2025-02-26
393,CNC-16697549,3,2025-08-21
394,MEC-46544287,11,2024-12-15
395,MEC-46544287,8,2025-03-15
396,MEC-46544287,18,2025-10-10
397,MEC-46544287,19,2025-03-15
398,MEC-46544287,17,2025-06-06
399,E-2025-000218,1,2025-07-30
400,E-2025-000218,2,2025-05-06
401,E-2025-000218,7,2025-06-06
402,E-2025-000218,7,2025-05-18
403,E-2025-000220,19,2025-01-01
404,E-2025-000220,20,2025-09-18
405,E-2025-000220,7,2025-05-11
406,E-2025-000220,14,2025-03-06
407,E-2025-000221,3,2024-10-29
408,E-2025-000221,7,2025-04-14
409,E-2025-000221,5,2025-02-04
410,E-2025-000221,18,2025-04-26
411,E-2025-000221,4,2025-01-10
412,SW-VS22-V5-6FW86,15,2025-09-07
413,E-2025-000223,17,2025-07-10
414,MEC-41041731,13,2025-04-03
415,MEC-41041731,12,2025-08-14
416,MEC-41041731,20,2025-07-14
417,MEC-41041731,18,2025-01-18
418,MEC-41041731,20,2025-07-20
419,E-2025-000225,13,2025-08-28
420,SW-VS22-V3-W2PBG,14,2025-03-06
421,SW-VS22-V3-W2PBG,20,2025-01-11
422,SW-VS22-V3-W2PBG,14,2024-11-06
423,SW-VS22-V3-W2PBG,1,2025-01-23
424,E-2025-000228,4,2025-04-14
425,SW-VS22-V4-0BP7W,7,2025-09-15
426,SW-VS22-V4-0BP7W,16,2025-09-06
427,E-2025-000230,12,2025-09-10
428,E-2025-000230,11,2025-02-24
429,E-2025-000230,1,2025-03-30
430,E-2025-000230,18,2024-12-01
431,E-2025-000230,14,2025-02-01
432,E-2025-000232,15,2025-07-27
433,E-2025-000232,20,2024-10-20
434,E-2025-000232,12,2024-10-28
435,E-2025-000235,14,2025-09-05
436,E-2025-000235,11,2025-09-03
437,E-2025-000235,4,2025-02-10
438,SW-PH10-V1-74UTZ,12,2025-03-30
439,SW-PH10-V1-74UTZ,17,2025-09-28
440,SW-PH10-V1-74UTZ,2,2025-05-08
441,E-2025-000239,17,2024-12-22
442,E-2025-000239,17,2024-12-12
443,E-2025-000239,18,2025-01-19
444,E-2025-000239,14,2024-12-15
445,E-2025-000244,2,2025-08-30
446,E-2025-000244,13,2025-05-30
447,E-2025-000244,15,2024-11-13
448,E-2025-000245,19,2025-05-07
449,E-2025-000247,7,2025-03-22
450,E-2025-000247,3,2025-07-13
451,E-2025-000247,2,2025-08-22
452,E-2025-000247,13,2024-12-24
453,E-2025-000248,15,2024-10-14
454,E-2025-000248,18,2025-06-14
455,E-2025-000248,14,2025-05-03
456,E-2025-000248,12,2025-08-02
457,E-2025-000248,20,2025-01-22
458,E-2025-000252,17,2025-06-15
459,E-2025-000252,20,2025-01-20
460,SW-CS60-V5-RLTAD,14,2025-10-02
461,E-2025-000254,13,2025-04-21
462,E-2025-000254,7,2024-10-22
463,E-2025-000254,3,2025-03-02
464,E-2025-000254,6,2025-02-08
465,E-2025-000255,9,2025-09-14
466,E-2025-000255,5,2025-03-23
467,E-2025-000255,6,2025-09-28
468,E-2025-000255,8,2025-05-28
469,MEC-30309766,14,2025-03-15
470,MEC-30309766,15,2025-02-27
471,MEC-30309766,3,2024-11-29
472,E-2025-000257,5,2025-07-12
473,E-2025-000257,13,2025-04-04
474,E-2025-000257,14,2024-12-13
475,E-2025-000261,15,2025-04-09
476,E-2025-000262,14,2025-10-10
477,E-2025-000262,17,2025-06-22
478,E-2025-000262,13,2024-12-16
479,E-2025-000262,1,2025-04-05
480,E-2025-000262,18,2025-01-06
481,ASM-66960939,15,2025-07-11
482,ASM-66960939,2,2024-11-09
483,E-2025-000265,19,2024-12-02
484,E-2025-000267,10,2025-04-29
485,E-2025-000267,4,2025-02-26
486,E-2025-000267,7,2025-06-05
487,SW-PH10-V3-MDUBK,5,2025-08-10
488,SW-PH10-V3-MDUBK,7,2024-12-15
489,SW-PH10-V3-MDUBK,1,2025-05-18
490,SW-PH10-V3-MDUBK,6,2025-06-14
491,E-2025-000271,7,2025-06-25
492,E-2025-000271,12,2025-06-05
493,E-2025-000271,1,2025-08-16
494,E-2025-000271,7,2025-06-21
495,E-2025-000271,15,2024-11-22
496,ASM-18850642,10,2025-06-19
497,ASM-18850642,18,2024-12-23
498,E-2025-000275,20,2025-01-15
499,E-2025-000275,19,2024-11-05
500,E-2025-000275,7,2025-10-03
501,E-2025-000276,15,2025-09-25
502,E-2025-000277,5,2025-08-19
503,E-2025-000277,7,2024-10-22
504,E-2025-000277,3,2025-02-18
505,E-2025-000277,2,2024-10-19
506,E-2025-000277,16,2025-08-28
507,SW-CS60-V1-B3YY1,20,2025-07-20
508,SW-CS60-V1-B3YY1,20,2025-04-11
509,SW-CS60-V1-B3YY1,16,2025-01-06
510,SW-CS60-V1-B3YY1,16,2024-11-22
511,CNC-66838629,8,2024-12-18
512,MEC-18341216,12,2025-03-27
513,MEC-18341216,19,2024-11-18
514,MEC-45408889,14,2025-09-23
515,MEC-45408889,5,2025-04-01
516,MEC-45408889,20,2025-02-21
517,MEC-45408889,5,2025-01-03
518,MEC-45408889,9,2025-09-29
519,E-2025-000285,19,2024-12-23
520,E-2025-000285,11,2024-12-29
521,E-2025-000285,19,2025-03-17
522,E-2025-000285,5,2024-11-15
523,SW-VS22-V4-WH303,13,2025-05-02
524,SW-VS22-V4-WH303,16,2025-05-28
525,SW-VS22-V4-WH303,12,2025-10-06
526,SW-VS22-V4-WH303,2,2025-08-09
527,SW-PH10-V2-BVUQY,3,2025-05-05
528,SW-PH10-V2-BVUQY,20,2025-05-03
529,SW-PH10-V2-BVUQY,12,2025-10-14
530,SW-PH10-V2-BVUQY,3,2025-04-29
531,MEC-76387075,13,2025-09-24
532,MEC-76387075,3,2025-02-28
533,MEC-76387075,12,2025-02-12
534,MEC-76387075,13,2025-09-23
535,MEC-76387075,13,2025-05-26
536,E-2025-000292,7,2025-03-08
537,E-2025-000292,9,2025-09-10
538,E-2025-000295,13,2025-02-17
539,E-2025-000295,10,2024-10-25
540,E-2025-000297,17,2025-08-23
541,E-2025-000297,4,2025-03-16
542,E-2025-000297,13,2024-12-27
543,E-2025-000297,6,2025-07-29
544,E-2025-000297,7,2025-07-31
545,SW-VS22-V2-6FXQT,20,2024-11-14
546,E-2025-000299,6,2025-04-03
547,E-2025-000299,6,2025-01-09
548,E-2025-000299,10,2025-08-17
549,E-2025-000299,11,2025-02-01
550,E-2025-000300,3,2025-07-03
551,E-2025-000300,19,2025-05-17
552,E-2025-000301,20,2024-10-21
553,E-2025-000301,15,2025-05-29
554,E-2025-000301,13,2025-02-20
555,MEC-39255779,6,2025-07-18
556,MEC-39255779,11,2025-09-29
557,MEC-39255779,3,2025-01-31
558,SW-PH10-V1-PX10X,2,2025-02-06
559,SW-PH10-V1-PX10X,10,2025-04-02
560,SW-PH10-V1-PX10X,3,2024-11-19
561,SW-PH10-V1-PX10X,4,2025-03-26
562,SW-PH10-V1-PX10X,7,2025-01-17
563,E-2025-000304,11,2025-05-26
564,MEC-30820010,2,2024-12-29
565,MEC-30820010,12,2024-12-05
566,E-2025-000307,9,2024-12-18
567,E-2025-000307,12,2024-12-30
568,E-2025-000307,10,2024-10-22
569,E-2025-000307,16,2025-06-15
570,E-2025-000310,11,2025-08-15
571,E-2025-000310,11,2025-04-18
572,E-2025-000313,13,2025-07-07
573,E-2025-000313,17,2024-11-14
574,E-2025-000316,11,2025-06-14
575,E-2025-000316,6,2025-01-25
576,E-2025-000316,9,2025-09-11
577,SW-VS22-V2-48OHR,7,2024-12-14
578,SW-VS22-V2-48OHR,6,2025-03-11
579,SW-VS22-V2-48OHR,14,2025-06-03
580,SW-VS22-V2-48OHR,14,2024-12-29
581,SW-VS22-V2-48OHR,5,2025-07-22
582,MEC-51013106,13,2024-11-01
583,MEC-51013106,4,2025-07-03
584,MEC-51013106,12,2025-01-13
585,E-2025-000324,19,2025-08-18
586,SW-CS60-V1-Y0ZT8,1,2025-08-03
587,SW-PH10-V2-SB309,1,2025-02-24
588,E-2025-000330,19,2025-08-01
589,E-2025-000330,14,2025-09-04
590,E-2025-000331,2,2024-11-11
591,E-2025-000331,17,2025-05-31
592,E-2025-000333,7,2025-09-11
593,E-2025-000333,1,2025-01-17
594,E-2025-000333,15,2025-07-01
595,E-2025-000333,8,2025-10-01
596,E-2025-000334,9,2025-07-24
597,E-2025-000334,17,2025-08-19
598,SW-PH10-V3-L6GA0,9,2025-04-08
599,SW-PH10-V3-L6GA0,15,2024-11-23
600,E-2025-000337,11,2025-05-10
601,E-2025-000337,19,2025-05-23
602,E-2025-000337,1,2025-07-24
603,CNC-45556662,4,2025-06-07
604,CNC-45556662,14,2025-09-22
605,CNC-45556662,10,2025-10-05
606,CNC-45556662,2,2025-03-06
607,CNC-45556662,6,2024-11-16
608,E-2025-000340,7,2024-12-05
609,E-2025-000340,6,2025-05-21
610,E-2025-000340,14,2025-03-15
611,MEC-38402886,2,2025-06-16
612,MEC-38402886,9,2024-11-18
613,SW-CS60-V3-OSXZ6,2,2025-07-09
614,SW-CS60-V3-OSXZ6,7,2024-11-05
615,SW-CS60-V3-OSXZ6,4,2025-01-05
616,SW-CS60-V3-OSXZ6,8,2024-11-07
617,SW-PH10-V1-3ZHLE,17,2025-08-31
618,SW-PH10-V1-3ZHLE,8,2025-02-24
619,MEC-26677305,4,2025-09-15
620,MEC-26677305,1,2024-11-11
621,MEC-53347760,9,2025-02-19
622,MEC-53347760,1,2025-09-14
623,MEC-53347760,11,2024-12-31
624,E-2025-000350,2,2024-11-22
625,E-2025-000350,6,2025-06-28
626,E-2025-000350,13,2024-10-27
627,MEC-17293481,8,2024-11-06
628,MEC-17293481,5,2025-08-06
629,MEC-17293481,10,2025-03-30
630,MEC-17293481,17,2025-07-02
631,MEC-17293481,2,2025-08-02
632,E-2025-000352,14,2025-02-08
633,E-2025-000352,11,2025-01-01
634,E-2025-000352,11,2025-03-02
635,E-2025-000352,14,2025-04-25
636,E-2025-000352,10,2025-02-15
637,E-2025-000353,11,2025-03-16
638,MEC-49799833,13,2024-12-19
639,MEC-49799833,8,2025-04-06
640,MEC-49799833,5,2024-12-29
641,E-2025-000357,2,2025-05-25
642,E-2025-000357,4,2024-11-02
643,SW-PH10-V5-1X8IY,1,2025-05-26
644,SW-PH10-V5-1X8IY,16,2024-10-30
645,SW-PH10-V5-1X8IY,14,2025-08-09
646,SW-PH10-V5-1X8IY,19,2025-09-23
647,E-2025-000359,20,2025-04-15
648,E-2025-000359,3,2025-03-12
649,E-2025-000359,16,2025-06-09
650,E-2025-000359,16,2025-08-19
651,E-2025-000359,16,2025-03-05
652,SW-PH10-V5-YL9EZ,8,2025-03-15
653,SW-PH10-V5-YL9EZ,7,2025-02-14
654,SW-VS22-V1-3UZKD,20,2025-03-16
655,SW-VS22-V1-3UZKD,16,2025-08-16
656,SW-VS22-V1-3UZKD,11,2025-04-07
657,SW-VS22-V1-3UZKD,7,2025-01-29
658,CNC-58448131,18,2025-04-22
659,E-2025-000369,5,2024-11-21
660,E-2025-000369,10,2024-10-21
661,SW-PH10-V2-TJ2I1,4,2025-06-08
662,SW-PH10-V2-TJ2I1,7,2024-12-30
663,SW-PH10-V2-TJ2I1,5,2025-07-23
664,SW-PH10-V2-TJ2I1,13,2025-01-07
665,SW-PH10-V2-TJ2I1,7,2025-02-26
666,E-2025-000371,5,2025-05-18
667,E-2025-000371,4,2025-05-16
668,E-2025-000371,3,2025-05-03
669,E-2025-000371,18,2025-02-26
670,E-2025-000371,18,2024-11-13
671,CNC-91674386,18,2025-07-08
672,E-2025-000376,10,2025-03-14
673,CNC-26598042,3,2025-05-02
674,CNC-26598042,13,2025-10-08
675,CNC-26598042,11,2025-05-10
676,CNC-26598042,13,2024-10-14
677,CNC-26598042,19,2025-05-15
678,E-2025-000379,10,2025-05-31
679,MEC-53014772,11,2025-06-20
680,MEC-53014772,11,2025-07-26
681,MEC-53014772,5,2025-02-03
682,MEC-53014772,5,2025-04-06
683,MEC-53014772,2,2025-07-23
684,E-2025-000381,15,2025-06-27
685,E-2025-000381,11,2025-08-23
686,E-2025-000381,11,2025-04-06
687,E-2025-000382,15,2025-08-17
688,E-2025-000382,12,2024-11-08
689,MEC-88931635,17,2025-06-13
690,MEC-88931635,14,2025-09-20
691,MEC-88931635,10,2025-05-29
692,E-2025-000384,12,2025-03-26
693,E-2025-000384,18,2024-12-28
694,E-2025-000384,10,2025-03-24
695,CNC-65969371,5,2025-01-01
696,E-2025-000388,12,2025-05-07
697,E-2025-000388,10,2024-11-18
698,E-2025-000388,3,2025-02-24
699,E-2025-000388,3,2025-02-14
700,E-2025-000388,4,2025-05-13
701,E-2025-000390,2,2025-07-07
702,E-2025-000391,14,2024-11-24
703,E-2025-000391,12,2024-12-10
704,E-2025-000391,16,2025-09-08
705,E-2025-000391,3,2024-11-21
706,E-2025-000391,6,2025-05-06
707,MEC-49738867,4,2025-09-25
708,MEC-49738867,11,2024-12-19
709,MEC-49738867,6,2024-10-29
710,MEC-49738867,1,2025-02-04
711,MEC-19264643,7,2024-11-05
712,MEC-19264643,18,2025-06-13
713,MEC-19264643,7,2024-11-22
714,E-2025-000399,19,2025-04-16
715,E-2025-000400,17,2025-02-09
716,E-2025-000400,12,2025-02-16
717,E-2025-000400,17,2024-11-28
718,E-2025-000404,19,2025-01-06
719,E-2025-000404,6,2025-08-13
720,E-2025-000404,14,2025-09-27
721,ASM-62814692,5,2024-12-04
722,ASM-96701882,3,2025-08-16
723,ASM-96701882,8,2024-12-14
724,ASM-96701882,12,2024-12-18
725,ASM-96701882,2,2025-01-22
726,ASM-96701882,1,2025-03-07
727,CNC-43545612,20,2025-03-05
728,SW-VS22-V2-T02VS,11,2024-12-22
729,SW-VS22-V2-T02VS,8,2025-07-13
730,SW-VS22-V2-T02VS,11,2025-06-04
731,SW-VS22-V2-T02VS,2,2024-11-12
732,SW-VS22-V2-T02VS,13,2025-05-13
733,E-2025-000413,13,2024-11-19
734,E-2025-000413,17,2025-04-12
735,E-2025-000413,4,2025-07-26
736,E-2025-000414,12,2025-04-12
737,MEC-31584929,12,2025-06-13
738,MEC-31584929,18,2025-03-16
739,SW-PH10-V4-V9RUK,15,2024-12-16
740,SW-PH10-V4-V9RUK,10,2025-08-05
741,E-2025-000419,16,2024-12-25
742,E-2025-000419,18,2024-11-02
743,E-2025-000419,5,2025-08-03
744,E-2025-000421,10,2025-04-16
745,E-2025-000421,6,2024-11-21
746,E-2025-000421,1,2025-02-21
747,E-2025-000421,8,2025-04-22
748,E-2025-000421,11,2024-12-02
749,E-2025-000424,17,2025-01-04
750,E-2025-000424,4,2025-04-21
751,E-2025-000424,12,2025-06-07
752,E-2025-000424,14,2025-01-04
753,E-2025-000424,2,2025-07-11
754,E-2025-000425,20,2025-03-03
755,E-2025-000425,8,2025-03-22
756,E-2025-000425,15,2025-08-05
757,E-2025-000425,13,2025-07-30
758,E-2025-000429,16,2025-01-19
759,E-2025-000430,5,2025-04-09
760,E-2025-000430,12,2025-01-22
761,ASM-73112047,2,2025-06-04
762,E-2025-000432,3,2024-12-06
763,E-2025-000434,8,2024-10-26
764,E-2025-000434,11,2025-08-08
765,ASM-69357835,3,2025-04-08
766,CNC-68442245,16,2025-07-23
767,CNC-68442245,15,2025-03-22
768,E-2025-000439,17,2025-08-28
769,E-2025-000440,14,2025-01-04
770,E-2025-000440,19,2025-07-22
771,E-2025-000440,17,2025-07-05
772,E-2025-000440,18,2024-10-26
773,E-2025-000440,4,2025-01-08
774,ASM-49579063,11,2025-02-20
775,E-2025-000446,15,2025-07-15
776,E-2025-000446,11,2025-07-09
777,ASM-42432006,2,2025-03-06
778,ASM-42432006,7,2024-10-19
779,ASM-42432006,15,2025-04-20
780,ASM-42432006,1,2025-06-14
781,ASM-42432006,8,2025-03-23
782,E-2025-000450,8,2025-02-13
783,E-2025-000450,3,2025-04-26
784,CNC-23712968,9,2024-10-18
785,E-2025-000452,7,2025-02-21
786,E-2025-000452,13,2024-11-05
787,E-2025-000452,8,2025-07-13
788,E-2025-000453,16,2025-05-03
789,E-2025-000453,7,2025-06-04
790,E-2025-000453,19,2025-05-11
791,E-2025-000453,14,2025-10-04
792,E-2025-000453,20,2025-02-24
793,E-2025-000455,17,2025-01-14
794,E-2025-000455,9,2025-03-16
795,E-2025-000455,18,2025-06-11
796,E-2025-000455,6,2024-12-23
797,E-2025-000455,12,2025-05-13
798,MEC-63568519,6,2025-08-23
799,MEC-63568519,11,2025-06-08
800,MEC-75013850,10,2025-01-16
801,MEC-75013850,1,2025-04-29
802,MEC-75013850,3,2025-03-16
803,SW-PH10-V3-JJLQT,12,2024-11-06
804,MEC-57853626,11,2025-08-05
805,MEC-57853626,4,2025-06-18
806,MEC-57853626,3,2025-01-06
807,E-2025-000462,12,2025-05-27
808,E-2025-000462,8,2025-06-12
809,E-2025-000462,17,2025-03-27
810,E-2025-000462,10,2025-02-11
811,E-2025-000463,13,2025-01-01
812,E-2025-000464,18,2024-11-29
813,SW-VS22-V3-PTKVM,6,2025-08-16
814,SW-VS22-V3-PTKVM,9,2025-06-19
815,SW-VS22-V3-PTKVM,5,2025-01-10
816,SW-VS22-V3-PTKVM,17,2025-03-04
817,SW-VS22-V3-PTKVM,4,2025-10-03
818,E-2025-000468,9,2025-07-05
819,E-2025-000468,1,2024-12-31
820,E-2025-000468,16,2025-01-11
821,E-2025-000468,11,2025-03-10
822,E-2025-000469,18,2025-02-14
823,E-2025-000469,4,2025-02-09
824,ASM-23315053,8,2025-04-06
825,ASM-23315053,6,2025-03-07
826,ASM-23315053,14,2024-10-22
827,E-2025-000473,1,2025-03-28
828,E-2025-000473,6,2024-12-15
829,E-2025-000473,15,2024-12-02
830,E-2025-000473,7,2025-08-26
831,E-2025-000473,14,2025-08-18
832,SW-VS22-V2-TGM7H,4,2025-02-25
833,SW-VS22-V2-TGM7H,5,2025-08-28
834,SW-VS22-V2-TGM7H,3,2024-12-25
835,SW-VS22-V2-TGM7H,9,2025-03-17
836,SW-VS22-V2-TGM7H,6,2025-04-23
837,SW-VS22-V4-39AUR,18,2024-11-01
838,SW-VS22-V4-39AUR,12,2025-09-05
839,E-2025-000478,9,2025-08-01
840,E-2025-000478,3,2024-12-22
841,E-2025-000478,18,2024-12-29
842,E-2025-000478,14,2024-11-11
843,E-2025-000479,11,2025-03-09
844,E-2025-000479,10,2025-08-23
845,E-2025-000480,5,2025-04-01
846,E-2025-000480,14,2025-01-31
847,E-2025-000480,12,2025-01-14
848,MEC-69926146,6,2025-08-27
849,MEC-89724933,17,2025-09-10
850,MEC-89724933,10,2024-11-11
851,E-2025-000485,11,2025-06-21
852,E-2025-000485,3,2025-08-16
853,E-2025-000485,5,2024-10-25
854,E-2025-000485,20,2024-11-24
855,CNC-83042695,15,2025-03-23
856,E-2025-000487,1,2025-02-04
857,E-2025-000487,6,2025-02-08
858,E-2025-000488,15,2025-03-21
859,E-2025-000488,8,2025-05-01
860,E-2025-000488,20,2025-09-09
861,CNC-26313568,14,2025-08-10
862,CNC-26313568,2,2024-12-12
863,CNC-26313568,11,2025-03-31
864,E-2025-000490,2,2025-06-13
865,E-2025-000490,10,2025-08-28
866,E-2025-000491,18,2025-03-07
867,E-2025-000492,15,2025-10-04
868,E-2025-000492,18,2025-09-11
869,E-2025-000492,13,2025-01-29
870,E-2025-000496,11,2025-03-01
871,E-2025-000496,8,2025-04-21
872,E-2025-000496,7,2025-03-21
873,E-2025-000496,8,2025-07-06
874,E-2025-000500,9,2025-04-29
875,E-2025-000500,14,2025-02-02
876,E-2025-000500,17,2025-01-15
877,E-2025-000500,4,2024-11-11
878,E-2025-000500,7,2025-01-02
879,E-2025-000503,9,2024-12-16
880,E-2025-000503,14,2025-08-19
881,E-2025-000503,6,2025-06-01
882,ASM-39478802,11,2025-08-29
883,ASM-39478802,8,2025-06-26
884,ASM-39478802,7,2025-07-02
885,E-2025-000506,16,2025-01-18
886,E-2025-000506,20,2025-04-28
887,E-2025-000506,1,2025-02-06
888,E-2025-000506,7,2025-08-06
889,E-2025-000506,9,2025-06-13
890,E-2025-000507,5,2024-11-07
891,E-2025-000507,5,2025-08-16
892,E-2025-000507,13,2025-01-01
893,CNC-66919838,20,2025-07-09
894,CNC-66919838,1,2024-12-30
895,CNC-66919838,18,2025-08-29
896,CNC-66919838,1,2025-08-14
897,SW-CS60-V4-DN5QW,20,2025-09-24
898,SW-CS60-V4-DN5QW,20,2024-11-25
899,SW-VS22-V1-QW8MA,10,2025-01-08
900,SW-VS22-V1-QW8MA,15,2025-09-05
901,SW-VS22-V1-QW8MA,16,2024-11-03
902,SW-VS22-V1-QW8MA,5,2025-01-16
903,E-2025-000511,8,2025-08-13
904,E-2025-000511,3,2024-12-12
905,E-2025-000513,12,2025-09-07
906,E-2025-000513,10,2025-08-06
907,MEC-45066753,17,2025-01-31
908,E-2025-000516,14,2025-08-31
909,E-2025-000516,8,2025-10-04
910,E-2025-000516,20,2025-07-01
911,E-2025-000516,17,2025-04-27
912,E-2025-000516,7,2024-10-22
913,E-2025-000517,11,2024-10-31
914,E-2025-000517,8,2025-10-05
915,E-2025-000517,6,2025-04-06
916,E-2025-000517,7,2025-08-13
917,E-2025-000517,9,2025-09-09
918,E-2025-000518,11,2025-03-16
919,E-2025-000518,14,2024-12-07
920,E-2025-000518,5,2025-01-12
921,E-2025-000518,7,2025-08-22
922,E-2025-000518,4,2024-12-18
923,E-2025-000519,19,2025-02-01
924,E-2025-000519,17,2025-07-04
925,E-2025-000519,11,2025-06-30
926,E-2025-000519,8,2025-01-22
927,E-2025-000519,12,2024-11-08
928,CNC-33011364,2,2025-02-26
929,CNC-33011364,15,2024-12-04
930,CNC-33011364,17,2025-05-10
931,CNC-33011364,14,2024-10-26
932,CNC-90588776,3,2025-06-10
933,ASM-72758024,10,2025-08-31
934,ASM-72758024,20,2025-04-03
935,ASM-72758024,18,2025-10-05
936,MEC-52661444,15,2025-03-13
937,MEC-52661444,7,2025-01-23
938,MEC-52661444,12,2024-11-14
939,E-2025-000526,10,2025-05-06
940,E-2025-000526,16,2025-05-06
941,E-2025-000526,9,2024-11-20
942,E-2025-000526,10,2025-02-01
943,E-2025-000526,7,2025-07-19
944,ASM-63035663,6,2025-06-25
945,ASM-63035663,1,2025-03-17
946,ASM-63035663,14,2025-01-04
947,ASM-63035663,12,2024-11-25
948,ASM-31573902,3,2025-10-04
949,ASM-31573902,8,2025-02-03
950,ASM-31573902,13,2024-10-30
951,ASM-31573902,8,2025-07-12
952,ASM-31573902,16,2025-07-25
953,MEC-33726031,6,2024-11-07
954,MEC-33726031,12,2025-08-21
955,MEC-33726031,3,2025-05-19
956,MEC-33726031,6,2025-09-24
957,SW-PH10-V4-4U2J9,12,2025-03-15
958,SW-PH10-V4-4U2J9,8,2024-12-14
959,SW-PH10-V4-4U2J9,1,2025-02-03
960,SW-PH10-V4-4U2J9,19,2025-05-27
961,MEC-19009348,18,2024-10-31
962,MEC-19009348,3,2025-05-30
963,MEC-19009348,20,2025-01-25
964,SW-VS22-V5-33QQ7,9,2025-08-27
965,E-2025-000538,9,2024-11-23
966,E-2025-000538,20,2025-04-22
967,E-2025-000538,16,2025-04-01
968,E-2025-000539,20,2025-05-30
969,E-2025-000539,12,2025-01-13
970,E-2025-000539,8,2025-08-14
971,E-2025-000541,20,2025-07-24
972,E-2025-000542,14,2025-03-25
973,E-2025-000542,12,2024-12-20
974,E-2025-000542,20,2025-03-30
975,E-2025-000542,2,2025-04-22
976,SW-CS60-V2-D1CHZ,13,2025-05-12
977,E-2025-000547,3,2025-09-06
978,E-2025-000547,12,2025-09-21
979,E-2025-000547,9,2025-07-16
980,E-2025-000547,14,2024-11-26
981,MEC-25004053,15,2025-09-06
982,MEC-25004053,6,2025-08-30
983,ASM-50597511,11,2025-08-25
984,ASM-50597511,12,2024-11-20
985,ASM-50597511,14,2025-06-14
986,ASM-50597511,7,2025-01-01
987,ASM-50597511,13,2025-05-22
988,E-2025-000552,10,2025-05-14
989,E-2025-000552,20,2025-03-27
990,CNC-95417581,3,2025-07-28
991,CNC-95417581,1,2025-09-07
992,E-2025-000554,5,2024-12-04
993,E-2025-000554,8,2024-12-17
994,E-2025-000554,6,2025-04-23
995,E-2025-000554,5,2024-11-22
996,CNC-39061920,5,2025-05-10
997,CNC-39061920,16,2025-02-20
998,CNC-39061920,8,2025-04-28
999,CNC-39061920,12,2024-10-31
1000,E-2025-000556,19,2025-06-01
1001,E-2025-000556,18,2025-02-20
1002,E-2025-000556,6,2025-07-25
1003,E-2025-000556,4,2025-10-09
1004,SW-CS60-V1-0VWYZ,17,2024-10-30
1005,SW-CS60-V1-0VWYZ,10,2025-07-11
1006,SW-CS60-V4-JNHGS,1,2025-02-06
1007,SW-CS60-V4-JNHGS,15,2025-04-19
1008,SW-CS60-V4-JNHGS,6,2025-06-15
1009,SW-CS60-V4-JNHGS,6,2025-07-20
1010,SW-PH10-V3-L1BWF,12,2024-11-20
1011,SW-PH10-V4-VOCP8,12,2025-05-26
1012,SW-PH10-V4-VOCP8,9,2025-09-25
1013,SW-PH10-V4-VOCP8,19,2025-04-05
1014,SW-PH10-V4-VOCP8,12,2025-05-31
1015,SW-PH10-V4-VOCP8,10,2025-08-27
1016,ASM-67419892,7,2025-02-12
1017,ASM-67419892,12,2025-02-20
1018,ASM-67419892,12,2024-12-22
1019,ASM-67419892,4,2025-01-05
1020,SW-CS60-V1-1FF3I,9,2025-01-16
1021,E-2025-000569,6,2025-04-13
1022,E-2025-000569,9,2024-12-20
1023,E-2025-000569,13,2025-08-06
1024,MEC-35249299,16,2025-04-14
1025,E-2025-000571,3,2025-08-21
1026,E-2025-000571,13,2025-04-28
1027,E-2025-000571,17,2025-06-25
1028,E-2025-000571,5,2025-07-07
1029,E-2025-000571,6,2025-08-06
1030,ASM-94249400,18,2024-10-23
1031,ASM-94249400,20,2025-08-03
1032,ASM-94249400,18,2025-02-21
1033,ASM-94249400,1,2024-11-28
1034,ASM-94249400,6,2025-03-26
1035,E-2025-000574,13,2024-12-08
1036,E-2025-000574,15,2025-03-17
1037,E-2025-000574,3,2025-09-19
1038,E-2025-000574,13,2025-03-05
1039,E-2025-000574,2,2024-10-17
1040,E-2025-000575,15,2025-10-14
1041,E-2025-000575,15,2025-05-29
1042,E-2025-000575,13,2025-06-18
1043,E-2025-000575,17,2025-02-26
1044,SW-VS22-V5-GPB5J,16,2024-10-16
1045,MEC-94322153,4,2024-12-26
1046,MEC-94322153,19,2025-08-24
1047,SW-PH10-V1-2KTF3,19,2025-01-14
1048,SW-PH10-V1-2KTF3,17,2025-08-02
1049,SW-PH10-V1-2KTF3,18,2025-08-18
1050,E-2025-000579,5,2025-09-03
1051,E-2025-000579,9,2025-09-01
1052,E-2025-000579,11,2025-07-15
1053,E-2025-000580,2,2025-09-27
1054,E-2025-000580,16,2025-03-14
1055,SW-PH10-V1-485DK,13,2025-06-30
1056,SW-VS22-V5-UFF68,11,2025-03-14
1057,SW-VS22-V5-UFF68,17,2025-02-08
1058,SW-VS22-V5-UFF68,5,2025-03-30
1059,E-2025-000583,2,2025-04-05
1060,E-2025-000583,13,2025-06-24
1061,E-2025-000583,13,2024-12-10
1062,E-2025-000584,5,2025-06-30
1063,E-2025-000584,8,2024-12-02
1064,E-2025-000584,14,2024-12-18
1065,ASM-94822525,18,2025-07-23
1066,ASM-94822525,19,2025-07-15
1067,ASM-94822525,15,2025-05-19
1068,E-2025-000587,7,2025-02-03
1069,E-2025-000588,2,2025-03-29
1070,ASM-69475663,13,2025-02-04
1071,ASM-69475663,1,2025-09-06
1072,CNC-47449770,19,2024-10-15
1073,CNC-47449770,20,2024-10-16
1074,E-2025-000594,10,2025-09-27
1075,E-2025-000594,12,2024-11-02
1076,E-2025-000594,2,2024-12-31
1077,E-2025-000594,16,2025-07-14
1078,E-2025-000594,9,2024-12-03
1079,E-2025-000595,3,2025-03-18
1080,E-2025-000596,4,2025-05-21
1081,E-2025-000596,19,2024-12-21
1082,E-2025-000596,17,2025-01-04
1083,E-2025-000596,9,2025-06-23
1084,E-2025-000596,15,2024-11-07
1085,E-2025-000597,7,2025-10-02
1086,MEC-84154246,19,2025-02-26
1087,MEC-41145172,14,2025-01-29
1088,SW-VS22-V2-FEYH0,1,2025-01-04
1089,SW-VS22-V2-FEYH0,8,2024-10-23
1090,SW-VS22-V2-FEYH0,11,2024-11-30
1091,SW-VS22-V2-FEYH0,18,2025-09-24
1092,SW-VS22-V2-FEYH0,9,2024-10-23
1093,E-2025-000604,4,2025-02-09
1094,E-2025-000604,12,2025-01-11
1095,E-2025-000604,10,2025-01-18
1096,SW-CS60-V1-32PIC,1,2025-08-02
1097,SW-CS60-V1-32PIC,9,2025-03-29
1098,SW-CS60-V1-32PIC,15,2025-05-19
1099,SW-CS60-V1-32PIC,11,2025-06-17
1100,CNC-31180600,3,2025-08-30
1101,ASM-89641650,7,2024-10-22
1102,ASM-89641650,2,2025-08-19
1103,ASM-89641650,1,2025-07-17
1104,ASM-46345408,16,2025-02-09
1105,ASM-46345408,16,2024-10-30
1106,ASM-46345408,7,2024-12-13
1107,ASM-46345408,10,2025-04-14
1108,E-2025-000614,16,2025-09-26
1109,E-2025-000614,4,2025-06-10
1110,MEC-64915043,2,2025-05-30
1111,MEC-64915043,4,2024-11-20
1112,MEC-64915043,14,2024-10-15
1113,MEC-64915043,14,2025-05-02
1114,E-2025-000617,5,2025-09-29
1115,MEC-26382376,6,2025-01-05
1116,MEC-26382376,16,2025-07-04
1117,MEC-26382376,13,2025-02-13
1118,MEC-26382376,11,2024-12-05
1119,MEC-26382376,10,2025-02-24
1120,SW-CS60-V3-CUCXY,16,2025-02-27
1121,SW-CS60-V3-CUCXY,6,2025-08-05
1122,SW-CS60-V3-CUCXY,16,2024-12-17
1123,SW-CS60-V3-V84VL,14,2025-04-14
1124,SW-CS60-V3-V84VL,13,2025-02-01
1125,SW-CS60-V3-V84VL,17,2025-10-13
1126,E-2025-000624,2,2025-03-24
1127,E-2025-000624,7,2025-02-23
1128,E-2025-000629,1,2025-04-08
1129,E-2025-000629,3,2025-08-21
1130,MEC-62766703,2,2025-01-31
1131,MEC-62766703,19,2025-02-15
1132,MEC-62766703,16,2025-04-03
1133,MEC-62766703,17,2025-09-07
1134,E-2025-000633,17,2025-06-15
1135,E-2025-000633,19,2025-02-04
1136,E-2025-000633,20,2025-03-18
1137,E-2025-000633,13,2024-12-27
1138,SW-VS22-V3-2WZAG,7,2025-06-22
1139,SW-VS22-V3-2WZAG,4,2024-12-14
1140,SW-VS22-V3-2WZAG,10,2025-02-13
1141,SW-VS22-V3-2WZAG,9,2025-01-30
1142,SW-VS22-V3-2WZAG,3,2025-07-01
1143,CNC-92017687,9,2025-09-25
1144,CNC-78611389,3,2025-07-05
1145,CNC-78611389,1,2025-08-29
1146,SW-PH10-V4-V5HDP,15,2025-04-23
1147,SW-PH10-V4-V5HDP,6,2025-05-22
1148,SW-PH10-V4-V5HDP,8,2024-11-14
1149,CNC-87809829,11,2025-10-13
1150,CNC-87809829,9,2025-04-23
1151,CNC-87809829,6,2025-04-10
1152,CNC-87809829,14,2025-04-20
1153,CNC-87809829,7,2025-09-26
1154,SW-PH10-V4-9KSZ8,3,2025-06-17
1155,SW-PH10-V4-9KSZ8,2,2024-10-16
1156,SW-PH10-V4-9KSZ8,5,2025-01-13
1157,E-2025-000645,13,2024-11-19
1158,E-2025-000647,11,2025-03-25
1159,E-2025-000647,13,2025-04-11
1160,E-2025-000649,7,2025-01-17
1161,MEC-33136254,1,2025-09-10
1162,MEC-33136254,13,2025-06-01
1163,MEC-33136254,19,2025-03-09
1164,SW-CS60-V4-J4RN8,13,2025-03-09
1165,SW-CS60-V4-J4RN8,10,2025-05-02
1166,SW-CS60-V4-J4RN8,11,2025-04-19
1167,SW-CS60-V4-J4RN8,16,2025-06-05
1168,SW-CS60-V4-J4RN8,3,2025-09-09
1169,CNC-36272775,17,2025-03-25
1170,CNC-36272775,12,2025-02-25
1171,CNC-36272775,16,2025-03-01
1172,E-2025-000656,17,2025-04-05
1173,E-2025-000656,17,2025-10-13
1174,E-2025-000656,5,2025-05-30
1175,MEC-67339015,4,2025-03-01
1176,MEC-67339015,2,2025-07-09
1177,MEC-67339015,16,2025-02-08
1178,MEC-67339015,10,2025-02-27
1179,MEC-67339015,10,2025-08-14
1180,E-2025-000658,16,2025-05-11
1181,E-2025-000658,11,2025-03-04
1182,E-2025-000658,3,2025-03-17
1183,CNC-30444529,14,2025-07-04
1184,CNC-30444529,6,2025-01-06
1185,CNC-30444529,9,2025-05-26
1186,E-2025-000661,8,2025-05-22
1187,E-2025-000661,20,2025-05-18
1188,E-2025-000661,15,2024-10-21
1189,SW-CS60-V4-TA7LI,4,2024-12-28
1190,SW-PH10-V4-KSJ8M,5,2025-05-10
1191,SW-PH10-V4-KSJ8M,9,2024-12-07
1192,SW-PH10-V4-KSJ8M,15,2025-01-23
1193,CNC-84108574,9,2025-07-18
1194,CNC-84108574,18,2024-12-29
1195,CNC-84108574,15,2025-02-09
1196,CNC-84108574,14,2025-09-12
1197,CNC-84108574,16,2025-03-16
1198,E-2025-000670,9,2025-10-07
1199,E-2025-000670,17,2024-12-14
1200,E-2025-000671,19,2025-03-04
1201,E-2025-000671,6,2025-01-17
1202,E-2025-000672,1,2025-03-09
1203,E-2025-000672,6,2025-08-06
1204,E-2025-000672,16,2025-05-12
1205,SW-CS60-V5-XY2CJ,10,2024-10-17
1206,SW-CS60-V5-XY2CJ,2,2025-06-15
1207,SW-CS60-V5-XY2CJ,18,2025-06-25
1208,SW-CS60-V5-XY2CJ,4,2024-11-08
1209,MEC-29504109,4,2025-05-20
1210,E-2025-000676,1,2024-10-20
1211,E-2025-000676,14,2025-03-06
1212,E-2025-000676,11,2025-09-02
1213,E-2025-000676,9,2025-06-02
1214,SW-CS60-V1-VPCOE,19,2025-10-03
1215,E-2025-000680,6,2025-09-13
1216,E-2025-000682,10,2024-12-26
1217,E-2025-000682,12,2025-08-06
1218,E-2025-000682,17,2025-08-20
1219,E-2025-000682,11,2025-04-19
1220,E-2025-000683,7,2025-06-28
1221,E-2025-000683,11,2025-09-12
1222,E-2025-000683,4,2024-12-17
1223,E-2025-000683,4,2025-06-27
1224,ASM-18621698,15,2025-08-27
1225,ASM-18621698,7,2025-03-21
1226,ASM-18621698,18,2025-05-26
1227,E-2025-000686,8,2025-07-24
1228,E-2025-000686,14,2025-04-16
1229,E-2025-000686,10,2025-09-24
1230,SW-VS22-V5-T4L3P,12,2025-10-05
1231,SW-VS22-V5-T4L3P,19,2025-09-14
1232,E-2025-000688,19,2024-11-13
1233,E-2025-000688,15,2025-04-06
1234,E-2025-000691,10,2025-07-11
1235,E-2025-000691,11,2024-11-27
1236,E-2025-000691,13,2025-03-06
1237,E-2025-000691,5,2025-05-04
1238,E-2025-000691,19,2025-08-23
1239,E-2025-000692,10,2025-10-13
1240,E-2025-000692,6,2025-05-23
1241,E-2025-000693,8,2025-08-12
1242,E-2025-000697,5,2024-12-06
1243,E-2025-000697,9,2025-08-24
1244,E-2025-000697,7,2025-09-20
1245,E-2025-000697,15,2025-04-25
1246,E-2025-000700,6,2025-02-28
1247,ASM-53877412,12,2025-08-20
1248,ASM-53877412,9,2024-12-11
1249,ASM-53877412,11,2024-10-24
1250,ASM-53877412,18,2025-04-06
1251,E-2025-000703,10,2025-05-31
1252,E-2025-000703,5,2024-11-06
1253,CNC-85726729,17,2025-09-06
1254,CNC-85726729,19,2025-06-29
1255,CNC-85726729,9,2025-05-07
1256,CNC-85726729,16,2025-02-04
1257,E-2025-000706,7,2024-12-15
1258,E-2025-000706,2,2025-07-16
1259,E-2025-000706,7,2025-05-29
1260,E-2025-000706,10,2025-03-23
1261,E-2025-000708,8,2025-01-05
1262,E-2025-000708,17,2025-01-10
1263,E-2025-000709,15,2024-12-01
1264,E-2025-000709,16,2025-07-04
1265,E-2025-000709,20,2025-03-06
1266,E-2025-000711,4,2025-05-24
1267,E-2025-000711,14,2025-06-08
1268,E-2025-000711,9,2025-03-20
1269,MEC-31384107,7,2025-04-30
1270,MEC-24483555,15,2024-11-14
1271,E-2025-000717,17,2024-12-02
1272,MEC-43096275,9,2025-02-06
1273,MEC-43096275,2,2025-02-12
1274,MEC-43096275,20,2025-03-02
1275,MEC-43096275,15,2025-08-04
1276,E-2025-000720,2,2025-02-17
1277,E-2025-000720,9,2024-10-15
1278,E-2025-000720,2,2025-09-13
1279,SW-VS22-V3-FF2SP,14,2024-11-13
1280,SW-VS22-V3-FF2SP,10,2025-04-28
1281,SW-VS22-V3-FF2SP,13,2025-04-22
1282,SW-VS22-V3-FF2SP,7,2025-03-26
1283,SW-VS22-V3-FF2SP,13,2025-04-27
1284,CNC-50142070,9,2025-05-22
1285,CNC-50142070,4,2025-03-16
1286,CNC-50142070,17,2024-11-30
1287,CNC-50142070,11,2025-04-15
1288,CNC-50142070,5,2024-10-27
1289,SW-VS22-V5-YE8F6,3,2025-02-04
1290,SW-VS22-V5-YE8F6,10,2024-12-19
1291,SW-VS22-V5-YE8F6,13,2025-04-22
1292,E-2025-000724,20,2024-12-23
1293,E-2025-000724,8,2024-10-24
1294,E-2025-000724,1,2025-09-13
1295,E-2025-000724,6,2025-04-01
1296,SW-PH10-V3-E288F,1,2025-07-20
1297,CNC-21880079,20,2025-08-18
1298,CNC-43865355,9,2025-08-26
1299,E-2025-000728,18,2025-03-13
1300,E-2025-000732,13,2025-01-27
1301,E-2025-000732,17,2025-06-02
1302,E-2025-000732,13,2025-05-17
1303,E-2025-000732,20,2025-01-22
1304,E-2025-000732,16,2025-05-05
1305,CNC-97197495,16,2025-02-03
1306,SW-CS60-V4-VWWBH,4,2024-10-29
1307,SW-CS60-V4-VWWBH,15,2025-06-06
1308,SW-CS60-V4-VWWBH,15,2024-12-17
1309,E-2025-000740,13,2025-04-06
1310,E-2025-000741,15,2025-06-10
1311,E-2025-000743,11,2025-02-01
1312,E-2025-000743,7,2025-07-08
1313,E-2025-000743,18,2025-04-08
1314,E-2025-000745,3,2024-11-20
1315,E-2025-000745,5,2025-04-14
1316,E-2025-000745,5,2024-12-24
1317,ASM-12775680,8,2025-07-11
1318,ASM-12775680,17,2024-12-05
1319,SW-VS22-V5-TNUTM,10,2025-04-13
1320,SW-VS22-V5-TNUTM,11,2025-05-07
1321,SW-VS22-V5-TNUTM,17,2025-05-12
1322,MEC-73632903,10,2025-09-12
1323,MEC-73632903,12,2025-04-07
1324,MEC-73632903,11,2025-09-11
1325,MEC-73632903,15,2025-01-20
1326,MEC-73632903,15,2025-03-20
1327,MEC-38546313,4,2025-08-19
1328,MEC-38546313,19,2025-04-22
1329,MEC-38546313,19,2024-12-10
1330,MEC-38546313,6,2025-08-16
1331,ASM-80377034,9,2025-01-13
1332,MEC-78913011,7,2025-03-04
1333,MEC-78913011,19,2025-07-03
1334,MEC-78913011,5,2024-11-11
1335,MEC-78913011,14,2025-08-29
1336,MEC-78913011,12,2025-09-09
1337,ASM-30957614,5,2025-09-20
1338,ASM-30957614,6,2025-10-14
1339,ASM-47900952,6,2025-04-09
1340,E-2025-000757,13,2025-05-18
1341,E-2025-000757,1,2025-01-12
1342,E-2025-000760,16,2025-04-09
1343,SW-PH10-V5-X2VPY,7,2025-04-12
1344,SW-PH10-V5-X2VPY,16,2025-07-27
1345,E-2025-000766,5,2025-03-15
1346,E-2025-000766,17,2025-06-03
1347,E-2025-000766,12,2025-08-16
1348,E-2025-000766,9,2025-09-09
1349,ASM-52327059,2,2025-01-01
1350,ASM-52327059,16,2024-10-24
1351,ASM-52327059,20,2025-02-03
1352,E-2025-000771,3,2025-04-13
1353,E-2025-000771,5,2025-04-27
1354,E-2025-000771,4,2025-03-28
1355,E-2025-000771,12,2025-08-01
1356,E-2025-000772,9,2025-02-02
1357,E-2025-000772,2,2025-04-08
1358,E-2025-000773,7,2024-11-03
1359,E-2025-000776,15,2024-11-03
1360,SW-PH10-V2-ONYJG,16,2025-03-08
1361,SW-PH10-V2-ONYJG,19,2025-03-28
1362,SW-PH10-V2-ONYJG,13,2024-11-19
1363,SW-PH10-V2-ONYJG,16,2025-03-05
1364,SW-PH10-V2-ONYJG,6,2024-11-28
1365,SW-PH10-V5-9KFPR,15,2025-05-30
1366,E-2025-000780,16,2025-03-20
1367,E-2025-000780,8,2025-08-11
1368,E-2025-000780,15,2025-01-17
1369,E-2025-000780,6,2024-12-24
1370,E-2025-000781,1,2024-12-11
1371,E-2025-000781,8,2025-06-15
1372,E-2025-000781,14,2025-05-10
1373,E-2025-000781,17,2025-02-23
1374,E-2025-000781,6,2025-07-10
1375,CNC-14847285,2,2025-04-14
1376,E-2025-000783,19,2025-07-20
1377,E-2025-000783,1,2025-08-02
1378,E-2025-000784,9,2025-01-28
1379,E-2025-000784,14,2025-06-08
1380,E-2025-000784,14,2025-05-14
1381,E-2025-000784,11,2025-03-23
1382,E-2025-000784,11,2025-08-12
1383,E-2025-000785,4,2025-04-25
1384,E-2025-000785,9,2025-04-17
1385,E-2025-000785,5,2025-07-14
1386,E-2025-000785,12,2025-06-11
1387,E-2025-000785,14,2025-05-26
1388,SW-CS60-V5-K0Z7W,3,2025-09-08
1389,SW-CS60-V5-K0Z7W,12,2025-09-04
1390,SW-CS60-V5-K0Z7W,18,2025-04-20
1391,SW-CS60-V5-3NW72,17,2025-04-09
1392,SW-CS60-V5-3NW72,4,2025-10-09
1393,SW-VS22-V4-KTAUF,3,2024-11-11
1394,SW-VS22-V4-KTAUF,13,2025-03-14
1395,SW-VS22-V4-KTAUF,11,2025-05-25
1396,SW-VS22-V4-KTAUF,6,2025-08-10
1397,SW-VS22-V4-KTAUF,1,2024-11-19
1398,E-2025-000789,20,2025-05-28
1399,E-2025-000790,3,2024-11-15
1400,CNC-55479638,14,2025-04-01
1401,MEC-67468730,20,2025-04-02
1402,MEC-67468730,12,2025-02-19
1403,MEC-67468730,12,2025-03-03
1404,MEC-67468730,12,2024-11-24
1405,MEC-67468730,5,2025-05-27
1406,SW-PH10-V3-4IY3Q,19,2025-01-19
1407,SW-PH10-V3-4IY3Q,5,2025-03-11
1408,SW-PH10-V3-4IY3Q,9,2025-08-12
1409,SW-PH10-V3-4IY3Q,1,2024-10-22
1410,CNC-81878453,5,2024-11-24
1411,CNC-81878453,16,2025-04-20
1412,CNC-81878453,7,2025-09-01
1413,E-2025-000796,18,2024-11-26
1414,E-2025-000796,10,2025-02-26
1415,E-2025-000796,6,2025-07-17
1416,SW-VS22-V4-N6DAO,6,2025-05-20
1417,SW-VS22-V4-N6DAO,6,2025-08-08
1418,SW-CS60-V5-13TWR,17,2024-12-31
1419,SW-CS60-V5-13TWR,15,2025-01-31
1420,SW-VS22-V1-RPW3H,2,2024-11-20
1421,SW-VS22-V1-RPW3H,18,2025-01-28
1422,SW-VS22-V1-RPW3H,16,2025-01-02
1423,ASM-99795517,1,2025-06-20
1424,ASM-99795517,18,2024-12-10
1425,ASM-99795517,6,2025-02-01
1426,E-2025-000806,20,2025-02-03
1427,E-2025-000806,6,2024-12-05
1428,E-2025-000806,17,2025-06-19
1429,SW-VS22-V4-K7DKX,7,2025-07-20
1430,SW-VS22-V4-K7DKX,10,2025-03-18
1431,SW-VS22-V4-K7DKX,17,2025-08-19
1432,SW-VS22-V4-K7DKX,14,2025-04-15
1433,MEC-68040076,14,2025-07-14
1434,MEC-68040076,10,2025-07-04
1435,MEC-68040076,7,2025-07-15
1436,MEC-68040076,7,2025-04-06
1437,E-2025-000811,16,2025-04-28
1438,E-2025-000811,13,2025-05-02
1439,E-2025-000811,15,2025-09-02
1440,E-2025-000811,7,2024-10-30
1441,E-2025-000811,8,2025-05-14
1442,E-2025-000812,3,2025-02-11
1443,E-2025-000812,18,2024-11-24
1444,E-2025-000812,9,2024-12-22
1445,E-2025-000812,16,2025-09-17
1446,E-2025-000812,2,2025-06-24
1447,MEC-57659751,9,2025-05-11
1448,MEC-57659751,17,2025-09-20
1449,MEC-57659751,20,2025-01-03
1450,E-2025-000817,4,2025-04-14
1451,E-2025-000817,9,2025-08-31
1452,ASM-68939165,19,2025-02-23
1453,ASM-68939165,12,2024-12-11
1454,ASM-68939165,9,2025-01-04
1455,ASM-68939165,7,2025-10-08
1456,SW-PH10-V4-2ZZN3,20,2025-08-08
1457,SW-PH10-V4-2ZZN3,8,2025-08-02
1458,SW-PH10-V4-2ZZN3,10,2025-04-05
1459,MEC-90298303,4,2025-03-30
1460,MEC-90298303,12,2024-10-21
1461,SW-PH10-V2-K6OB6,3,2025-05-02
1462,SW-PH10-V2-K6OB6,1,2025-03-07
1463,SW-PH10-V2-K6OB6,3,2025-05-14
1464,SW-PH10-V2-K6OB6,18,2025-10-03
1465,SW-PH10-V2-K6OB6,16,2024-11-15
1466,E-2025-000824,1,2025-02-08
1467,E-2025-000824,18,2025-07-13
1468,E-2025-000824,3,2025-04-06
1469,E-2025-000824,12,2024-12-19
1470,E-2025-000825,18,2025-04-21
1471,E-2025-000825,3,2025-09-11
1472,E-2025-000827,13,2024-12-13
1473,E-2025-000827,5,2025-07-30
1474,E-2025-000832,20,2025-01-06
1475,E-2025-000832,11,2025-03-02
1476,E-2025-000833,3,2025-01-22
1477,E-2025-000833,11,2025-01-18
1478,E-2025-000833,1,2025-02-16
1479,E-2025-000833,1,2024-12-29
1480,E-2025-000833,10,2025-04-17
1481,E-2025-000836,20,2025-05-06
1482,E-2025-000836,9,2025-05-10
1483,E-2025-000836,11,2025-04-18
1484,E-2025-000836,9,2025-04-21
1485,SW-CS60-V3-D3BB8,2,2025-10-10
1486,SW-CS60-V3-D3BB8,10,2025-01-25
1487,SW-CS60-V3-D3BB8,4,2025-02-05
1488,SW-CS60-V3-D3BB8,8,2025-03-07
1489,SW-CS60-V3-D3BB8,12,2025-03-16
1490,E-2025-000839,8,2025-03-23
1491,E-2025-000839,15,2025-07-18
1492,E-2025-000839,16,2025-09-10
1493,E-2025-000840,4,2025-05-01
1494,E-2025-000840,1,2025-01-17
1495,E-2025-000840,9,2024-12-30
1496,E-2025-000840,15,2024-12-20
1497,E-2025-000841,18,2025-07-30
1498,E-2025-000841,1,2025-04-11
1499,E-2025-000841,12,2025-08-15
1500,E-2025-000841,12,2025-03-19
1501,E-2025-000841,7,2025-09-23
1502,E-2025-000842,17,2024-10-15
1503,E-2025-000842,15,2025-09-14
1504,E-2025-000842,14,2025-06-15
1505,E-2025-000842,20,2025-10-02
1506,E-2025-000843,3,2025-03-21
1507,E-2025-000843,18,2025-05-09
1508,E-2025-000843,6,2025-09-06
1509,E-2025-000843,4,2024-11-27
1510,ASM-59841948,10,2025-06-05
1511,ASM-59841948,3,2024-12-14
1512,ASM-59841948,14,2025-07-23
1513,E-2025-000845,10,2025-07-12
1514,E-2025-000845,20,2025-08-27
1515,E-2025-000845,15,2025-08-09
1516,E-2025-000845,5,2025-04-18
1517,E-2025-000845,2,2025-03-21
1518,E-2025-000846,8,2024-12-13
1519,CNC-45162211,7,2025-01-31
1520,CNC-45162211,17,2025-02-26
1521,CNC-45162211,20,2025-04-18
1522,CNC-45162211,4,2025-07-01
1523,MEC-18689026,3,2025-05-14
1524,MEC-18689026,2,2025-06-19
1525,MEC-18689026,5,2025-02-23
1526,MEC-18689026,17,2025-01-02
1527,CNC-93614512,7,2025-05-12
1528,CNC-93614512,10,2025-04-05
1529,E-2025-000854,18,2025-07-03
1530,E-2025-000854,6,2025-01-13
1531,E-2025-000854,8,2025-07-20
1532,E-2025-000854,14,2025-09-10
1533,E-2025-000854,18,2025-04-25
1534,MEC-39005059,7,2025-03-28
1535,CNC-42973288,9,2024-11-01
1536,CNC-42973288,19,2025-03-11
1537,ASM-74189938,10,2025-07-18
1538,CNC-86124205,5,2025-02-11
1539,CNC-86124205,11,2025-01-19
1540,CNC-86124205,2,2025-10-06
1541,CNC-86124205,7,2025-06-10
1542,CNC-86124205,3,2025-09-27
1543,E-2025-000863,18,2025-08-19
1544,E-2025-000863,4,2024-11-12
1545,E-2025-000863,6,2025-07-02
1546,MEC-38539526,13,2025-05-05
1547,MEC-38539526,16,2025-07-09
1548,E-2025-000865,8,2025-01-31
1549,E-2025-000865,12,2025-09-01
1550,E-2025-000865,12,2025-02-14
1551,E-2025-000865,2,2024-10-17
1552,SW-PH10-V1-JPHWR,11,2024-10-25
1553,SW-PH10-V1-JPHWR,8,2024-10-15
1554,SW-PH10-V1-JPHWR,16,2025-08-26
1555,SW-PH10-V1-JPHWR,8,2024-11-29
1556,SW-PH10-V1-JPHWR,3,2025-05-16
1557,ASM-34163362,15,2025-07-25
1558,ASM-34163362,6,2025-09-27
1559,MEC-74604039,3,2025-05-28
1560,MEC-74604039,5,2025-08-27
1561,MEC-74604039,16,2025-09-06
1562,MEC-74604039,14,2025-05-22
1563,MEC-74604039,10,2024-12-26
1564,MEC-87629138,2,2024-12-09
1565,MEC-87629138,14,2025-01-02
1566,MEC-87629138,11,2025-04-13
1567,E-2025-000870,20,2025-08-17
1568,E-2025-000870,1,2025-04-03
1569,E-2025-000871,11,2025-03-15
1570,E-2025-000871,15,2025-01-08
1571,SW-CS60-V2-JS0JZ,6,2025-01-12
1572,E-2025-000873,6,2025-04-14
1573,E-2025-000873,8,2025-05-03
1574,CNC-61402465,9,2024-12-08
1575,CNC-61402465,10,2024-11-20
1576,CNC-61402465,4,2024-10-26
1577,SW-VS22-V5-HV0YB,9,2025-07-29
1578,SW-VS22-V5-HV0YB,17,2025-09-16
1579,SW-VS22-V5-HV0YB,5,2025-04-09
1580,SW-VS22-V5-HV0YB,12,2025-09-13
1581,MEC-29172419,13,2025-02-06
1582,MEC-29172419,2,2025-05-26
1583,MEC-29172419,11,2025-06-11
1584,MEC-29172419,13,2025-08-30
1585,CNC-48384570,6,2024-11-29
1586,E-2025-000879,13,2024-10-21
1587,E-2025-000879,17,2025-04-15
1588,SW-CS60-V3-F5RU7,2,2025-09-09
1589,SW-CS60-V3-F5RU7,1,2024-11-14
1590,E-2025-000882,5,2025-06-10
1591,E-2025-000882,15,2025-05-08
1592,E-2025-000882,9,2025-02-23
1593,E-2025-000882,3,2025-06-22
1594,SW-CS60-V2-1SYR0,3,2025-03-01
1595,SW-CS60-V2-1SYR0,19,2025-04-21
1596,SW-CS60-V2-1SYR0,1,2025-06-17
1597,MEC-55365206,15,2024-11-20
1598,MEC-55365206,8,2025-01-30
1599,MEC-55365206,1,2024-11-05
1600,MEC-55365206,6,2025-02-10
1601,E-2025-000887,6,2025-05-14
1602,E-2025-000887,11,2025-04-27
1603,E-2025-000888,6,2025-04-18
1604,E-2025-000888,17,2024-12-22
1605,E-2025-000890,18,2024-11-15
1606,E-2025-000890,9,2025-09-24
1607,E-2025-000890,2,2025-03-23
1608,E-2025-000891,8,2025-01-07
1609,E-2025-000891,9,2024-12-29
1610,E-2025-000891,7,2025-01-28
1611,E-2025-000891,14,2024-12-17
1612,E-2025-000892,11,2025-09-10
1613,MEC-60086110,12,2025-07-19
1614,MEC-60086110,17,2025-08-25
1615,MEC-60086110,1,2025-07-18
1616,MEC-60086110,14,2024-11-24
1617,MEC-60086110,3,2024-10-25
1618,E-2025-000894,16,2025-09-29
1619,E-2025-000894,12,2025-08-15
1620,E-2025-000895,5,2025-01-20
1621,E-2025-000895,9,2025-07-29
1622,E-2025-000895,14,2025-02-11
1623,SW-VS22-V4-U9GGS,5,2025-03-08
1624,SW-VS22-V4-U9GGS,11,2024-12-31
1625,E-2025-000898,10,2025-01-24
1626,E-2025-000898,6,2025-09-02
1627,E-2025-000898,16,2025-03-22
1628,E-2025-000898,3,2025-02-10
1629,E-2025-000898,5,2025-07-22
1630,SW-PH10-V3-SLT2L,11,2025-04-27
1631,SW-PH10-V3-SLT2L,14,2024-12-24
1632,SW-PH10-V3-SLT2L,7,2025-08-20
1633,SW-PH10-V3-SLT2L,8,2024-10-18
1634,SW-PH10-V1-B5FAV,17,2025-04-25
1635,SW-PH10-V1-B5FAV,17,2025-10-02
1636,E-2025-000904,8,2024-10-16
1637,E-2025-000904,4,2025-05-29
1638,E-2025-000907,4,2024-11-24
1639,E-2025-000908,15,2025-06-14
1640,E-2025-000908,4,2025-09-05
1641,E-2025-000908,20,2025-02-25
1642,E-2025-000908,2,2025-10-02
1643,E-2025-000909,2,2025-10-09
1644,E-2025-000909,1,2025-06-02
1645,E-2025-000909,16,2025-02-05
1646,E-2025-000909,6,2025-08-15
1647,E-2025-000910,2,2025-05-18
1648,E-2025-000910,10,2024-12-26
1649,E-2025-000910,18,2025-06-12
1650,E-2025-000910,11,2024-10-26
1651,E-2025-000912,2,2025-07-12
1652,E-2025-000912,14,2025-07-25
1653,E-2025-000912,4,2024-12-26
1654,E-2025-000912,18,2025-03-04
1655,E-2025-000912,6,2025-09-24
1656,MEC-55329018,1,2025-07-01
1657,E-2025-000915,1,2025-02-19
1658,E-2025-000915,2,2025-05-02
1659,E-2025-000915,12,2025-01-31
1660,E-2025-000915,14,2024-11-05
1661,E-2025-000915,9,2024-12-08
1662,MEC-85188361,4,2025-01-20
1663,MEC-85188361,6,2025-02-27
1664,E-2025-000917,9,2025-08-29
1665,E-2025-000917,5,2025-06-06
1666,E-2025-000917,7,2025-02-20
1667,ASM-38741927,11,2025-07-11
1668,ASM-38741927,16,2025-08-12
1669,ASM-38741927,10,2024-11-18
1670,ASM-38741927,17,2025-03-03
1671,E-2025-000919,10,2025-03-18
1672,E-2025-000919,8,2025-07-16
1673,E-2025-000919,13,2025-01-26
1674,MEC-56696047,3,2025-05-04
1675,MEC-56696047,8,2025-01-11
1676,E-2025-000922,7,2024-11-23
1677,E-2025-000922,4,2025-08-23
1678,E-2025-000922,18,2025-09-10
1679,E-2025-000922,14,2025-09-04
1680,E-2025-000922,12,2024-10-20
1681,SW-PH10-V3-E0CNV,1,2025-04-30
1682,SW-PH10-V3-E0CNV,19,2025-02-10
1683,SW-PH10-V3-E0CNV,16,2025-08-12
1684,E-2025-000927,7,2025-05-21
1685,E-2025-000927,1,2025-10-10
1686,E-2025-000927,17,2025-07-01
1687,SW-CS60-V3-NQUCC,9,2025-05-22
1688,SW-CS60-V3-NQUCC,6,2025-02-12
1689,SW-CS60-V3-NQUCC,20,2024-11-09
1690,SW-CS60-V3-NQUCC,17,2025-07-22
1691,SW-CS60-V3-NQUCC,15,2025-09-15
1692,SW-CS60-V4-OOFZV,8,2025-02-28
1693,SW-PH10-V2-CFNMA,8,2025-03-09
1694,SW-PH10-V2-CFNMA,15,2024-12-26
1695,SW-PH10-V2-CFNMA,20,2025-09-27
1696,SW-PH10-V2-CFNMA,16,2025-02-28
1697,SW-VS22-V5-Q8S62,7,2025-02-20
1698,SW-VS22-V5-Q8S62,9,2025-05-31
1699,SW-VS22-V5-Q8S62,11,2025-06-22
1700,E-2025-000935,18,2025-03-17
1701,E-2025-000935,11,2025-01-25
1702,E-2025-000935,2,2024-12-30
1703,SW-PH10-V3-5ZBHC,3,2025-07-24
1704,E-2025-000938,12,2025-09-18
1705,E-2025-000938,20,2025-07-13
1706,E-2025-000938,9,2025-01-09
1707,ASM-34038277,19,2025-01-24
1708,ASM-34038277,5,2025-03-23
1709,ASM-34038277,20,2025-09-30
1710,ASM-34038277,4,2024-12-18
1711,ASM-34038277,16,2025-06-08
1712,SW-PH10-V5-ZEWZV,20,2025-04-06
1713,E-2025-000946,8,2025-05-08
1714,E-2025-000946,6,2025-03-17
1715,E-2025-000946,14,2025-01-05
1716,E-2025-000946,17,2025-01-14
1717,E-2025-000948,14,2025-06-16
1718,E-2025-000948,13,2024-10-31
1719,E-2025-000948,11,2024-12-01
1720,E-2025-000948,18,2025-07-01
1721,E-2025-000948,6,2025-03-19
1722,E-2025-000949,1,2024-12-02
1723,E-2025-000949,17,2025-05-24
1724,E-2025-000949,10,2025-06-25
1725,E-2025-000951,10,2025-02-22
1726,E-2025-000951,14,2025-07-29
1727,E-2025-000951,16,2025-07-24
1728,MEC-87436207,13,2025-03-14
1729,MEC-87436207,7,2025-03-31
1730,MEC-87436207,3,2025-05-18
1731,MEC-87436207,12,2025-07-24
1732,MEC-87436207,10,2025-09-02
1733,E-2025-000953,2,2025-07-27
1734,E-2025-000953,9,2025-08-11
1735,E-2025-000953,9,2024-12-30
1736,E-2025-000953,2,2025-07-10
1737,E-2025-000954,5,2024-10-18
1738,E-2025-000954,18,2025-04-14
1739,SW-PH10-V3-QOWXY,8,2025-05-14
1740,SW-PH10-V3-QOWXY,10,2025-04-24
1741,E-2025-000959,4,2024-12-06
1742,E-2025-000959,15,2025-02-25
1743,E-2025-000962,8,2025-08-17
1744,E-2025-000962,17,2024-11-04
1745,E-2025-000962,9,2024-10-19
1746,E-2025-000962,3,2025-02-24
1747,E-2025-000962,4,2025-02-08
1748,E-2025-000965,9,2025-06-05
1749,MEC-56345828,18,2025-02-14
1750,ASM-94307861,9,2025-07-13
1751,E-2025-000968,12,2025-02-08
1752,E-2025-000968,5,2024-11-02
1753,E-2025-000968,3,2025-10-12
1754,SW-PH10-V1-OO8VD,6,2025-01-12
1755,SW-PH10-V1-OO8VD,14,2025-07-03
1756,SW-PH10-V1-OO8VD,11,2024-12-13
1757,E-2025-000971,4,2025-08-24
1758,E-2025-000971,16,2025-05-04
1759,E-2025-000971,4,2024-11-27
1760,CNC-86589235,14,2025-04-11
1761,CNC-86589235,8,2025-10-08
1762,ASM-77250610,6,2025-01-07
1763,ASM-77250610,6,2025-02-07
1764,ASM-77250610,12,2025-08-04
1765,SW-PH10-V1-2HU1Y,9,2025-07-30
1766,SW-PH10-V1-2HU1Y,12,2025-01-21
1767,SW-PH10-V1-2HU1Y,2,2025-02-11
1768,CNC-96360585,2,2024-12-24
1769,CNC-96360585,6,2025-04-01
1770,E-2025-000982,9,2024-11-09
1771,E-2025-000982,8,2025-10-01
1772,E-2025-000982,11,2025-05-01
1773,E-2025-000983,18,2025-01-22
1774,E-2025-000983,7,2025-08-29
1775,E-2025-000983,7,2025-07-13
1776,E-2025-000984,17,2025-02-11
1777,E-2025-000984,19,2025-01-21
1778,MEC-85641663,17,2025-02-24
1779,MEC-85641663,7,2025-04-10
1780,MEC-85641663,6,2025-08-03
1781,E-2025-000986,14,2025-03-17
1782,E-2025-000986,6,2025-06-26
1783,E-2025-000986,10,2025-02-01
1784,E-2025-000986,6,2025-02-25
1785,E-2025-000986,15,2025-01-17
1786,E-2025-000991,14,2025-09-15
1787,E-2025-000991,1,2025-08-14
1788,E-2025-000991,6,2025-05-02
1789,E-2025-000991,6,2025-09-07
1790,E-2025-000993,18,2025-01-12
1791,E-2025-000993,9,2025-10-07
1792,E-2025-000993,7,2025-04-18
1793,E-2025-000993,11,2024-11-02
1794,E-2025-000993,10,2025-02-25
1795,SW-CS60-V3-3I90K,14,2025-02-10
1796,SW-CS60-V3-3I90K,7,2024-10-29
1797,SW-CS60-V3-3I90K,17,2025-02-26
1798,SW-CS60-V3-3I90K,14,2025-04-03
1799,SW-CS60-V3-3I90K,20,2025-07-10
1800,MEC-63881529,1,2025-05-29
1801,MEC-63881529,7,2025-09-13
1802,E-2025-000997,12,2025-01-02
1803,E-2025-000997,1,2025-05-12
1804,E-2025-000997,1,2025-03-06
1805,E-2025-000997,9,2024-10-30
1806,E-2025-000998,18,2024-11-14
1807,E-2025-000998,19,2025-09-30
1808,E-2025-000999,10,2024-12-14
1809,E-2025-000999,10,2025-04-21
1810,E-2025-000999,16,2025-02-15
